Model,RMSE,R² Score,MAE
Baseline (XGBoost),127298.15986101291,0.8708661794662476,71148.71875
Multimodal (CNN Fusion),183694.9736057032,0.73110032081604,99021.828125
